Track URI,Track Name,Album Name,Artist Name(s),Release Date,Duration (ms),Popularity,Explicit,Added By,Added At,Genres,Record Label,Danceability,Energy,Key,Loudness,Mode,Speechiness,Acousticness,Instrumentalness,Liveness,Valence,Tempo,Time Signature
spotify:track:0WbMK4wrZ1wFSty9F7FCgu,"Good Luck, Babe!","Good Luck, Babe!","Chappell Roan",2024-04-05,218423,90,false,,2025-09-22T17:44:20Z,"","Chappell Roan PS/ Island",0.7,0.582,11,-5.96,0,0.0356,0.0502,0,0.0881,0.785,116.712,4
spotify:track:5r5cp9IpziiIsR6b93vcnQ,"Walking On A Dream","Walking On A Dream (10th Anniversary Edition)","Empire Of The Sun",2008-10-03,198440,87,false,,2025-09-22T17:44:20Z,"","EMI Recorded Music Australia Pty Ltd",0.871,0.701,5,-5.594,0,0.0458,0.257,0.00000752,0.0589,0.716,126.975,4
spotify:track:3ZZyUf7WkhfN1JkQZZ00fI,"People Watching","People Watching","Sam Fender",2024-11-15,311480,63,false,,2025-09-22T17:44:20Z,"","Polydor Records",0.476,0.908,6,-4.569,1,0.068,0.00776,0.000553,0.124,0.649,161.011,4
spotify:track:0ntQJM78wzOLVeCUAW7Y45,"Sex on Fire","Only By The Night","Kings of Leon",2008-09-23,203346,87,false,,2025-09-22T17:44:20Z,"","RCA/Legacy",0.542,0.905,9,-5.653,1,0.054,0.00172,0.0104,0.136,0.374,153.398,4
spotify:track:7EkWXAI1wn8Ii883ecd9xr,"Freaks","Freaks","Surf Curse",2021-05-15,147062,86,false,,2025-09-22T17:44:20Z,"indie","Surf Curse",0.345,0.941,9,-9.918,1,0.0466,0.0000384,0.633,0.0511,0.407,179.626,4
spotify:track:6MrLkXsMmHaYt680fhJUAq,"12 to 12","12 to 12","sombr",2025-07-24,242903,83,false,,2025-09-22T17:44:20Z,"","Warner Records",0.656,0.902,11,-2.586,0,0.057,0.0118,0.00000589,0.0949,0.505,123.981,4
spotify:track:0sTlGEld0h8kIPZaKDYUf4,"Notion","Notion","The Rare Occasions",2021-12-02,195120,85,false,,2025-09-22T17:44:20Z,"","Elektra (NEK)",0.309,0.883,9,-3.825,1,0.0808,0.0673,0.00111,0.0849,0.312,159.488,4
spotify:track:3VD30P9pXZq2usG4tSdjBa,"All the Noise","If That Makes Sense","Spacey Jane",2025-05-09,179858,48,true,,2025-09-22T17:44:20Z,"surfrock","Concord Records",0.511,0.899,0,-6.581,1,0.0527,0.00127,0.000688,0.127,0.416,153.081,4
spotify:track:3GZD6HmiNUhxXYf8Gch723,"Lost","channel ORANGE","Frank Ocean",2012-07-10,234093,85,true,,2025-09-22T17:44:20Z,"","Red Zone Entertainment / IDJ",0.913,0.603,8,-4.892,1,0.226,0.0272,0.000503,0.167,0.497,123.061,4
spotify:track:7yT4NJt5rgmVoMJMGPULcj,"Backseat","Backseat","Balu Brigada",2025-05-29,383400,66,false,,2025-09-22T17:44:20Z,"","WM Australia",0.345,0.812,1,-5.407,1,0.167,0.000921,0.00248,0.678,0.216,126.065,4
spotify:track:6QgjcU0zLnzq5OrUoSZ3OK,"Feel It Still","Woodstock","Portugal. The Man",2017-06-16,163253,83,false,,2025-09-22T17:44:20Z,"","Atlantic Records",0.801,0.795,1,-5.115,0,0.0504,0.0417,0.000113,0.0717,0.754,79.028,4
spotify:track:1xtGpjlpfU9ILjlxUa7UHl,"One Thing","I’m Only F**king Myself","Lola Young",2025-09-19,208840,53,true,,2025-09-22T17:44:20Z,"","Universal-Island Records Ltd.",0.589,0.672,5,-6.592,0,0.13,0.0855,0.0179,0.0792,0.908,195.935,4
spotify:track:2J051fjLklkoPbzOoTAACZ,"Sally, When The Wine Runs Out","Kansas Anymore (The Longest Goodbye)","ROLE MODEL",2025-02-14,218660,82,true,,2025-09-22T17:44:20Z,"bedroompop","Interscope Records",0.678,0.814,1,-6.065,1,0.0294,0.015,0,0.104,0.857,119.974,4
spotify:track:1FrmEoNfKBx7Z6nU05KW5w,"who’s your boyfriend","hickey","Royel Otis",2025-08-22,173426,53,false,,2025-09-22T17:44:20Z,"indie","Ourness / Capitol Records",0.503,0.863,6,-5.887,0,0.0328,0.000269,0.326,0.101,0.843,145.019,4
spotify:track:456WNXWhDwYOSf5SpTuqxd,"Dog Days Are Over","Lungs (Deluxe Version)","Florence + The Machine",2009,252818,82,false,,2025-09-22T17:44:20Z,"barokpop","Universal-Island Records Ltd.",0.501,0.809,7,-5.264,1,0.0938,0.0338,0.00602,0.119,0.258,149.964,4
spotify:track:6GyFP1nfCDB8lbD2bG0Hq9,"Midnight City","Hurry up, We're Dreaming","M83",2011-10-17,243960,81,false,,2025-09-22T17:44:20Z,"","M83 Recording Inc",0.507,0.729,11,-5.399,0,0.0393,0.0182,0.0000014,0.0658,0.272,105.013,4
spotify:track:2GxrNKugF82CnoRFbQfzPf,"i like the way you kiss me","i like the way you kiss me","Artemas",2024-03-19,142514,81,false,,2025-09-22T17:44:20Z,"","Artemas",0.599,0.946,11,-4.263,1,0.0447,0.000938,0.0106,0.0826,0.747,151.647,4
spotify:track:19kHhX6f6EfLU7rcO3RqjO,"Back On 74","Volcano","Jungle",2023-08-11,209482,80,false,,2025-09-22T17:44:20Z,"","Caiola Records",0.62,0.761,10,-7.282,0,0.175,0.207,0.000147,0.269,0.194,146.003,4
spotify:track:0GO8y8jQk1PkHzS31d699N,"Tongue Tied","Never Trust a Happy Song","GROUPLOVE",2011-09-02,218013,80,false,,2025-09-22T17:44:20Z,"indie","Canvasback/ATL",0.56,0.936,3,-5.835,1,0.0439,0.00847,0,0.161,0.371,112.96,4
spotify:track:2AYEOC02WLhUiOoaig2SEH,"Out of My League","More Than Just a Dream (Deluxe Edition)","Fitz and The Tantrums",2013-05-07,209386,79,false,,2025-09-22T17:44:20Z,"","Elektra (NEK)",0.545,0.968,9,-3.553,0,0.0853,0.0387,0.00325,0.331,0.527,169.965,4
spotify:track:5773KSWFzg9kCc8yazjbSt,"Deceptacon","Le Tigre","Le Tigre",1999-10-26,184626,79,true,,2025-09-22T17:44:20Z,"riot grrrl,queercore,electroclash","Mr. Lady Records, Le Tigre Records",0.603,0.864,4,-3.341,0,0.0668,0.055,0.00493,0.0986,0.616,160.488,4
spotify:track:2O9O26335YYVckmRgPKY3s,"Alive","Ice On The Dune","Empire Of The Sun",2013-01-01,204546,79,false,,2025-09-22T17:44:20Z,"","EMI Recorded Music Australia Pty Ltd",0.524,0.882,5,-3.038,1,0.0367,0.108,0.0000011,0.071,0.399,119.94,4
spotify:track:60SvhHtwefT0e2G7i7kOH3,"New Gold (feat. Tame Impala and Bootie Brown)","Cracker Island","Gorillaz;Tame Impala;Bootie Brown",2023-02-24,215149,77,true,,2025-09-22T17:44:20Z,"neo-psychedelisch,indie","Parlophone UK",0.695,0.923,1,-3.93,0,0.0522,0.0425,0.0469,0.116,0.551,108.014,3
spotify:track:3HlK8txWAdtKMrbsqX40pl,"Freaking Out the Neighborhood","2","Mac DeMarco",2012-10-16,173888,77,false,,2025-09-22T17:44:20Z,"indie,lo-fi indie","Captured Tracks",0.565,0.832,8,-5.751,0,0.108,0.0638,0.0288,0.386,0.847,143.303,4
spotify:track:7d23MhPFE9eB3U8DPRirnL,"Disparate Youth","Master of My Make-Believe","Santigold",2012-04-16,284400,77,false,,2025-09-22T17:44:20Z,"","Atlantic Records UK",0.642,0.931,1,-4.142,1,0.0417,0.0131,0.825,0.215,0.548,152.005,4
spotify:track:57Xjny5yNzAcsxnusKmAfA,"Reptilia","Room On Fire","The Strokes",2003-10-28,219826,76,false,,2025-09-22T17:44:20Z,"garagerock,indierock,alternative rock","RCA Records Label",0.489,0.649,9,-5.11,1,0.0336,0.000603,0.713,0.101,0.77,158.009,4
spotify:track:7srqyRb5plksW5k65itXDB,"Girl, so confusing featuring lorde","Brat and it’s completely different but also still brat","Charli xcx;Lorde",2024-10-11,205938,76,false,,2025-09-22T17:44:20Z,"hyperpop,art pop","Atlantic Records",0.707,0.8,11,-5.567,0,0.0544,0.128,0.0000259,0.3,0.354,124.991,4
spotify:track:61OJxhoY3Ix50rYVKo8zRK,"Can I Call You Tonight?","Fuzzybrain","Dayglow",2019-11-14,278769,76,false,,2025-09-22T17:44:20Z,"indierock","Very Nice Records",0.641,0.842,9,-7.27,1,0.0292,0.134,0.911,0.419,0.499,129.978,4
spotify:track:53IRnAWx13PYmoVYtemUBS,"Femininomenon","The Rise and Fall of a Midwest Princess","Chappell Roan",2023-09-22,219710,76,true,,2025-09-22T17:44:20Z,"","Chappell Roan PS/ Island",0.609,0.758,0,-4.885,0,0.0525,0.139,0.00000538,0.11,0.236,124.949,4
spotify:track:4JHg4nNYUJQ5HULcCmI18R,"What You Know","Tourist History","Two Door Cinema Club",2010-03-01,189693,76,false,,2025-09-22T17:44:20Z,"indie,indierock","Kitsune",0.549,0.758,6,-3.991,0,0.0406,0.000673,0.00000679,0.0926,0.822,139.052,4
spotify:track:2B664ulJSVBd6B8SAY3Wux,"Oysters In My Pocket","Oysters In My Pocket","Royel Otis",2022-03-10,162338,75,false,,2025-09-22T17:44:20Z,"indie","House Anxiety / Ourness",0.598,0.924,6,-4.974,0,0.0623,0.0205,0.799,0.17,0.611,168.017,4
spotify:track:6WTFHKrnZpwEBLRS10Ylqs,"misses","14 minutes","Dominic Fike",2024-05-03,74378,75,false,,2025-09-22T17:44:20Z,"","Columbia",0.578,0.509,2,-6.229,1,0.0279,0.13,0.734,0.344,0.586,119.945,4
spotify:track:5PjdC2gMATetx5xdnwGUu7,"i wanna be your girlfriend","i wanna be your girlfriend","girl in red",2018-03-02,204990,74,true,,2025-09-22T17:44:20Z,"bedroompop","world in red",0.541,0.382,7,-14.323,1,0.035,0.0215,0.000836,0.304,0.343,155.901,4
spotify:track:68hYdj3GepWm2R202KhJT7,"1901","Wolfgang Amadeus Phoenix","Phoenix",2009-05-25,193106,74,false,,2025-09-22T17:44:20Z,"indie","Glassnote - VMG",0.604,0.825,0,-5.373,1,0.0428,0.0564,0.0000542,0.192,0.707,144.087,4
spotify:track:5xoUgPXbMNUmoHU0Enwtwq,"She Moves In Her Own Way","Inside In / Inside Out","The Kooks",2006-01-01,169306,74,false,,2025-09-22T17:44:20Z,"indie,indierock","Virgin Records",0.403,0.803,7,-5.363,1,0.0626,0.239,0,0.103,0.814,153.314,4
spotify:track:7hGCCQkdyF1MX6uk339uBS,"What Was That","Virgin","Lorde",2025-06-27,209286,73,false,,2025-09-22T17:44:20Z,"","Universal Music New Zealand Limited",0.603,0.612,0,-6.732,1,0.159,0.352,0.0000268,0.103,0.174,126.612,4
spotify:track:6qZjm61s6u8Ead9sWxCDro,"Elephant","Lonerism","Tame Impala",2012-01-01,211226,73,false,,2025-09-22T17:44:20Z,"neo-psychedelisch,indie","Modular",0.598,0.553,9,-6.742,0,0.0397,0.562,0.157,0.257,0.533,123.075,4
spotify:track:57j65yC2HggQfmYNc6rdOK,"bad idea!","bad idea!","girl in red",2019-09-03,219638,73,true,,2025-09-22T17:44:20Z,"bedroompop","world in red",0.513,0.807,1,-6.095,1,0.0481,0.0289,0.0548,0.246,0.419,162.026,4
spotify:track:1ZLroqJA8qoS5QEeCo0fA7,"Breezeblocks","An Awesome Wave","alt-J",2012-05-28,227080,71,false,,2025-09-22T17:44:20Z,"indie,indierock","Infectious Music",0.611,0.645,5,-7.368,1,0.0378,0.118,0.00115,0.146,0.253,74.99,4
spotify:track:1bCmvezFg5MRcENzCGG1Cy,"Chelsea Dagger","Costello Music","The Fratellis",2006-01-01,215306,71,false,,2025-09-22T17:44:20Z,"","Universal-Island Records Ltd.",0.511,0.815,7,-3.14,1,0.144,0.0491,0,0.0826,0.586,154.514,4
spotify:track:2HKDVLcHYBD8asWWttLU3W,"Kool Aid","Sofa Kings","Royel Otis",2023-03-31,216665,71,false,,2025-09-22T17:44:20Z,"indie","House Anxiety / Ourness",0.56,0.929,11,-3.598,0,0.0522,0.0286,0.11,0.0854,0.792,157.967,4
spotify:track:260Ub1Yuj4CobdISTOBvM9,"Wet Dream","Wet Leg","Wet Leg",2022-04-08,140080,70,false,,2025-09-22T17:44:20Z,"indierock,indie","Domino Recording Co",0.721,0.701,2,-5.941,1,0.0306,0.000927,0.026,0.234,0.892,130.091,3
spotify:track:3GfOAdcoc3X5GPiiXmpBjK,"Song 2","Blur: The Best Of","Blur",2000-10-23,121880,70,false,,2025-09-22T17:44:20Z,"britpop,madchester,alternative rock","Parlophone UK",0.658,0.709,8,-6.736,1,0.0904,0.00188,0.00447,0.0657,0.855,129.701,4
spotify:track:34WI9hCaE3AzbOYT9wFXLP,"High And Low","Two Vines (Deluxe)","Empire Of The Sun",2016-10-28,224840,70,false,,2025-09-22T17:44:20Z,"","EMI Recorded Music Australia Pty Ltd",0.512,0.768,1,-4.673,1,0.045,0.0213,0.0000032,0.0918,0.322,126.907,4
spotify:track:7j56HrjR9cGzvekvZY3Faz,"HandClap","Fitz and The Tantrums","Fitz and The Tantrums",2016-06-10,193253,70,false,,2025-09-22T17:44:20Z,"","Elektra (NEK)",0.636,0.836,8,-3.004,1,0.0427,0.00609,0.000157,0.0828,0.715,139.956,4
spotify:track:1eGYO1RzVRdphhWT86DSr9,"Yougotmefeeling","LOVED","Parcels",2025-09-12,183462,70,false,,2025-09-22T17:44:20Z,"indiesoul","PARCELS MUSIC",0.826,0.599,10,-7.55,1,0.0354,0.426,0.00000122,0.234,0.737,125.011,4
spotify:track:3dY1DlC1nDUDtiIKaQ0Ynu,"Kangaroo Court","In A Tidal Wave of Mystery","Capital Cities",2013-06-04,223186,68,false,,2025-09-22T17:44:20Z,"","Lazy Hooks, LLC",0.76,0.58,5,-5.079,0,0.0389,0.00723,0.000667,0.0304,0.975,99.979,4
spotify:track:4juzduULFJiZVIcrC1tkxE,"Banquet","Silent Alarm","Bloc Party",2005-02-02,201360,67,false,,2025-09-22T17:44:20Z,"indierock","[PIAS] Recordings Catalogue",0.577,0.937,10,-4.898,0,0.0504,0.00013,0.0138,0.0828,0.889,150.232,4
spotify:track:5ykbOijJEfRhuo2Td1m0Qd,"7","The Ride","Catfish and the Bottlemen",2016-05-27,256306,67,false,,2025-09-22T17:44:20Z,"indie,indierock","Universal-Island Records Ltd.",0.531,0.711,10,-4.933,1,0.0398,0.000204,0.00291,0.108,0.279,155.068,4
spotify:track:0whmIaItqkT8e5PVuPyhvT,"Perfect (Exceeder)","Perfect (Exceeder)","Mason;Princess Superstar",2007-01-11,161250,66,false,,2025-09-22T17:44:20Z,"electroclash","Armada Music",0.639,0.861,6,-6.595,1,0.0588,0.00449,0.156,0.39,0.671,127.922,4
spotify:track:2drEUEg0TYQR6dDEHkpuPE,"Patience","Patience","Tame Impala",2019-03-22,292267,66,false,,2025-09-22T17:44:20Z,"neo-psychedelisch,indie","Universal Music Australia Pty. Ltd.",0.546,0.859,1,-5.966,1,0.0306,0.00223,0.000947,0.0529,0.645,99.965,4
spotify:track:0QgR03vMDoBoLgcu08EtKl,"Burning","Dreams","The Whitest Boy Alive",2006-09-04,191173,66,false,,2025-09-22T17:44:20Z,"","Bubbles Records",0.721,0.758,11,-7.536,0,0.0372,0.669,0.891,0.133,0.865,150.825,4
spotify:track:4VbDJMkAX3dWNBdn3KH6Wx,"Helena Beat","Torches","Foster The People",2011-05-23,276173,65,false,,2025-09-22T17:44:20Z,"","Columbia",0.67,0.876,5,-4.905,0,0.0536,0.0127,0.00302,0.109,0.736,126.968,4
spotify:track:7cucVWdmNeaPJuo7WkxaZ8,"Boys in the Better Land","Dogrel","Fontaines D.C.",2019-04-12,300115,65,false,,2025-09-22T17:44:20Z,"post-punk","Partisan Records",0.392,0.973,9,-5.02,1,0.0733,0.000292,0.0000235,0.348,0.6,176.977,4
spotify:track:4jU7NPkz4HVnM4hweqNhI1,"Blue Orchid","Get Behind Me Satan","The White Stripes",2005-06-07,157560,64,false,,2025-09-22T17:44:20Z,"garagerock,bluesrock,rock,alternative rock","Legacy Recordings",0.481,0.645,10,-8.535,0,0.318,0.0863,0.0000062,0.332,0.612,151.307,4
spotify:track:2VcS3oKcOPkubN9LVzZ96l,"Longshot","The Balance","Catfish and the Bottlemen",2019-04-26,232960,63,false,,2025-09-22T17:44:20Z,"indie,indierock","Universal-Island Records Ltd.",0.481,0.765,7,-4.025,1,0.0388,0.00381,0.000737,0.119,0.465,102.829,4
spotify:track:14tud1FLjpHMYHpD2c7NbO,"i'll die anyway.","i'll die anyway.","girl in red",2019-07-17,192612,63,false,,2025-09-22T17:44:20Z,"bedroompop","world in red",0.473,0.626,0,-6.887,1,0.0288,0.000427,0.578,0.0786,0.172,157.912,4
spotify:track:3Hx7RXqCS7Kzjy2ot2q1Gk,"Fever","Turn Blue","The Black Keys",2014-05-06,246306,63,false,,2025-09-22T17:44:20Z,"bluesrock,garagerock,moderne blues,rock","Nonesuch",0.609,0.674,9,-6.506,0,0.0355,0.00378,0.000302,0.129,0.743,127.541,4
spotify:track:2jZgzSxNSg1hTCq0ewWHGJ,"Junk Of The Heart (Happy)","Junk Of The Heart","The Kooks",2011-01-01,187253,63,false,,2025-09-22T17:44:20Z,"indie,indierock","Virgin",0.604,0.894,2,-5,1,0.037,0.0212,0,0.0299,0.901,145.017,4
spotify:track:32zkKx35Et6A515oZKxDkD,"Life Itself","How To Be A Human Being","Glass Animals",2016-08-26,281406,63,false,,2025-09-22T17:44:20Z,"","Wolf Tone",0.699,0.67,1,-6.219,1,0.0347,0.0147,0.22,0.356,0.556,111.988,4
spotify:track:2akjLHnHjDGsgqxuf48VYs,"The Bay","The English Riviera","Metronomy",2011-04-11,290173,63,false,,2025-09-22T17:44:20Z,"new rave,alternative dance","Because Music Ltd.",0.803,0.47,6,-7.232,0,0.0387,0.587,0.091,0.0723,0.887,121.226,4
spotify:track:2Vn92UPSmDMynFENzpe2zP,"Open Your Eyes","Being No One, Going Nowhere","STRFKR",2016-11-04,232946,62,false,,2025-09-22T17:44:20Z,"","Polyvinyl Records",0.67,0.753,0,-4.3,0,0.0323,0.00554,0.613,0.152,0.4,129.987,4
spotify:track:25YlltWXRb9k7KbrEBRuhJ,"Lo/Hi","""Let's Rock""","The Black Keys",2019-06-28,177768,63,false,,2025-09-22T17:44:20Z,"bluesrock,garagerock,moderne blues,rock","Nonesuch",0.606,0.679,2,-7.445,1,0.0321,0.0151,0.000433,0.0962,0.707,122.016,4
spotify:track:3u1Er1rkjn1oSz1xdZH3ZD,"Call It What You Want","Torches","Foster The People",2011-05-23,238786,62,false,,2025-09-22T17:44:20Z,"","Columbia",0.641,0.967,5,-4.289,0,0.0601,0.0483,0.000276,0.442,0.725,113.017,4
spotify:track:6MDijuuArPJv1vbp7K1x3f,"Genghis Khan","iii","Miike Snow",2016-03-04,212146,62,false,,2025-09-22T17:44:20Z,"alternative dance","Downtown/Atlantic",0.688,0.847,10,-3.238,0,0.0508,0.04,0.00000281,0.598,0.453,93.979,4
spotify:track:3WXhshrs1fzwF3rQE399Gq,"Kill V. Maim","Art Angels","Grimes",2015-11-06,246006,62,false,,2025-09-22T17:44:20Z,"art pop","4AD",0.578,0.947,11,-2.431,0,0.0359,0.00744,0.0816,0.105,0.456,134.033,4
spotify:track:6Ca3uEAuun3HusTUiIXKs1,"If You Wanna","What Did You Expect from The Vaccines?","The Vaccines",2011-03-14,174013,61,false,,2025-09-22T17:44:20Z,"indie,indierock","Columbia",0.353,0.866,2,-3.274,1,0.0392,0.0000303,0.00003,0.295,0.544,165.215,4
spotify:track:5FR8DHv1ZXCH9cZ1jMjfgC,"Keep It Up","Blue Sky Mentality","Good Neighbours",2025-10-03,156524,60,false,,2025-09-22T17:44:20Z,"","Polydor Records",0.419,0.909,8,-4.224,1,0.2,0.0471,0.00000948,0.107,0.397,177.463,4
spotify:track:5WSdMcWTKRdN1QYVJHJWxz,"Girls","The 1975","The 1975",2013-01-01,254620,60,true,,2025-09-22T17:44:20Z,"","Polydor Records",0.657,0.913,11,-4.984,1,0.0529,0.00392,0.00153,0.467,0.905,108.036,4
spotify:track:5f5RzlEgheGXEsYAvmYil8,"We Are Your Friends - Justice Vs Simian","We Are Your Friends","Justice;Simian",2006-01-01,262773,60,false,,2025-09-22T17:44:20Z,"franse house,new rave","[PIAS] Recordings Catalogue",0.614,0.97,9,1.334,0,0.118,0.0103,0.393,0.178,0.51,123.001,4
spotify:track:49skdn8Truaufvcz8BXmtT,"Lets Go Surfing","The Drums","The Drums",2010-06-07,174306,60,false,,2025-09-22T17:44:20Z,"indie","Downtown Records",0.579,0.806,1,-5.7,1,0.0323,0.214,0.000535,0.0917,0.789,174.057,4
spotify:track:65wEZxhPlAERKLcSbTD7qc,"You Stupid Bitch","if i could make it go quiet","girl in red",2021-04-30,195951,60,true,,2025-09-22T17:44:20Z,"bedroompop","world in red",0.521,0.833,11,-5.661,0,0.053,0.00721,0.00119,0.272,0.764,149.006,4
spotify:track:1YPxUUih6iIQsCshtPkv2L,"Pogo","Idealism","Digitalism",2007-05-09,226466,59,false,,2025-09-22T17:44:20Z,"electroclash,new rave,franse house","Magnetism",0.403,0.754,0,-5.256,1,0.0442,0.0000608,0.0000771,0.466,0.398,136.027,4
spotify:track:5EV4bGHxVN0kHpcAFvgnTt,"Dance, Baby!","Roy Pablo","boy pablo",2017-05-19,198000,59,false,,2025-09-22T17:44:20Z,"bedroompop","777 Music",0.602,0.601,9,-8.521,1,0.0411,0.037,0.0046,0.312,0.856,122.017,4
spotify:track:64IcdRqfcN5rwqSqJpQDDe,"In The Morning","Razorlight","Razorlight",2006-01-01,222453,59,false,,2025-09-22T17:44:20Z,"britpop,indie","EMI",0.616,0.855,4,-3.495,0,0.042,0.00379,0.000863,0.318,0.686,124.191,4
spotify:track:5jr6pG3khBcBXZRm8NogSe,"Baby I'm Yours","Baby I'm Yours","Breakbot;Irfane",2010-02-15,215786,59,false,,2025-09-22T17:44:20Z,"franse house,nu disco","Ed Banger Records",0.831,0.794,2,-3.701,0,0.0752,0.705,0.000034,0.0978,0.735,118.075,4
spotify:track:1eivMnftGIAIeTDUfTssVX,"Welcome to the DCC","Dead Club City","Nothing But Thieves",2023-06-30,197557,59,false,,2025-09-22T17:44:20Z,"","RCA Records Label",0.656,0.748,9,-4.759,0,0.0589,0.0201,0.0563,0.129,0.202,121.052,4
spotify:track:34wcz4mpAActEc6gtqX3wz,"Heavy, California","For Ever","Jungle",2018-09-14,184599,59,false,,2025-09-22T17:44:20Z,"","XL Recordings",0.674,0.713,6,-7.46,0,0.0359,0.0733,0.139,0.169,0.71,111.017,4
spotify:track:60W7Co2AoP5VVG5Gwu6p5P,"Soundcheck","The Ride","Catfish and the Bottlemen",2016-05-27,261560,58,false,,2025-09-22T17:44:20Z,"indie,indierock","Universal-Island Records Ltd.",0.602,0.755,2,-5.791,1,0.0397,0.000995,0.0799,0.412,0.646,135.042,4
spotify:track:7MfNoHB8JRNbSQ8P3eAfMQ,"T-Shirt Weather","Young Chasers (Deluxe)","Circa Waves",2015-03-30,192120,58,false,,2025-09-22T17:44:20Z,"indie","[PIAS] Recordings Catalogue",0.421,0.95,4,-4.603,1,0.0662,0.00145,0.000011,0.245,0.472,160.02,4
spotify:track:415dK4glwDO7fXxYg3np8B,"Pictures of Girls","Spring EP","Wallows",2018-04-06,204666,58,false,,2025-09-22T17:44:20Z,"indie","Atlantic Records",0.443,0.819,6,-5.502,1,0.0322,0.000248,0.00759,0.0802,0.494,154.958,4
spotify:track:0LVaveDmmoMEKhBGhVhfoI,"This Head I Hold","Mondo","Electric Guest",2012-04-23,175773,58,false,,2025-09-22T17:44:20Z,"","Asa Taccone",0.663,0.873,0,-4.915,1,0.0328,0.0268,0.0108,0.261,0.962,162.021,4
spotify:track:4E4Gxykl5nYMSIwlIVzjGr,"Going Kokomo","Sofa Kings","Royel Otis",2023-03-31,190626,57,false,,2025-09-22T17:44:20Z,"indie","House Anxiety / Ourness",0.448,0.942,0,-4.196,1,0.0478,0.00262,0.0286,0.065,0.786,171.979,4
spotify:track:4RvmQ5qbP5PxgJD0BN4EZK,"Miracle Mile","Dear Miss Lonelyhearts","Cold War Kids",2013-01-01,180133,57,false,,2025-09-22T17:44:20Z,"","Cold War Kids",0.355,0.867,2,-3.144,1,0.0738,0.00664,0.554,0.323,0.295,142.849,4
spotify:track:4yYvWFUWMaKMXtoJKJnmZk,"Shuffle","A Different Kind Of Fix","Bombay Bicycle Club",2011-01-01,235293,56,false,,2025-09-22T17:44:20Z,"indierock,indie","Universal-Island Records Ltd.",0.627,0.959,7,-4.744,1,0.0298,0.316,0.00576,0.112,0.397,109.981,4
spotify:track:5OOSqqoKCL4s7WIFNbSZPD,"brown eyes*","brown eyes*","re6ce",2024-03-21,163346,56,true,,2025-09-22T17:44:20Z,"hyperpop","Good Luck Have Fun Records",0.465,0.878,0,-5.201,0,0.222,0.0572,0,0.235,0.566,126.336,4
spotify:track:30SjdIdTMhBSe33nFnBFkC,"Temple","Mechanical Bull (Expanded Edition)","Kings of Leon",2013-09-24,250447,56,false,,2025-09-22T17:44:20Z,"","RCA/Legacy",0.475,0.644,9,-7.782,1,0.0326,0.00087,0.279,0.123,0.568,149.838,4
spotify:track:5MAKcQ6f6QvqZE21KD2AW5,"Nack Nostalgia","Nack Nostalgia","Royel Otis",2024-07-19,187433,57,false,,2025-09-22T17:44:20Z,"indie","NME",0.642,0.681,2,-5.426,1,0.0259,0.119,0.533,0.0756,0.53,96.006,4
spotify:track:5dpGwO76CAPXE2ReVxwI6r,"Love Illumination","Right Thoughts, Right Words, Right Action","Franz Ferdinand",2013-08-26,224266,56,false,,2025-09-22T17:44:20Z,"indierock","Domino Recording Co",0.53,0.856,4,-3.327,0,0.0499,0.104,0.00000381,0.16,0.814,153.302,4
spotify:track:7ti4qMC7xYQeh1uRzj5XuM,"Pumpin Blood","We Are Only What We Feel","NONONO",2014,209485,56,false,,2025-09-22T17:44:20Z,"","WM Sweden",0.618,0.848,7,-4.36,1,0.0279,0.000469,0.522,0.189,0.413,118.998,4
spotify:track:0eehHRQY2nlimtLjCI9xRf,"We Come Running","Wake Up","Youngblood Hawke",2013-01-01,247506,56,false,,2025-09-22T17:44:20Z,"","Universal Records",0.55,0.741,10,-7.022,1,0.0405,0.000323,0.00391,0.118,0.351,124.97,4
spotify:track:5pVbLYTdihSKd8Kylfhwa7,"There's A Reason Why (I Never Returned Your Calls)","Cool Like You (Deluxe)","Blossoms",2018-04-27,222488,56,false,,2025-09-22T17:44:20Z,"indie","EMI",0.493,0.882,11,-5.37,1,0.046,0.0166,0.00000297,0.188,0.685,123.985,4
spotify:track:7iqAuZe5yS0suLQcFfVK39,"Chaise Longue","Chaise Longue","Wet Leg",2021-06-15,196905,56,false,,2025-09-22T17:44:20Z,"indierock,indie","Domino Recording Co",0.684,0.749,7,-6.565,1,0.06,0.00135,0.111,0.141,0.935,160.021,4
spotify:track:6gSKswfcoWvaadqvuMF3Y7,"Colours","Never Trust a Happy Song","GROUPLOVE",2011-09-02,257786,55,false,,2025-09-22T17:44:20Z,"indie","Canvasback/ATL",0.529,0.83,6,-5.428,1,0.0397,0.0211,0,0.0983,0.318,93.933,4
spotify:track:6wNCdMW82LwJgFrnGqLhpJ,"The Ghosts of Beverly Drive","Kintsugi","Death Cab for Cutie",2015-03-27,243253,55,false,,2025-09-22T17:44:20Z,"","Atlantic Records",0.557,0.859,2,-6.557,1,0.0582,0.00474,0.0000579,0.103,0.748,154.718,4
spotify:track:2h5CXy8Pme1lTY3CUAEI1i,"Holding On","A Deeper Understanding","The War On Drugs",2017-08-25,350893,55,false,,2025-09-22T17:44:20Z,"indierock","Atlantic Records",0.444,0.939,6,-5.027,1,0.0403,0.000611,0.00986,0.0453,0.686,150.084,4
spotify:track:3RCj5fG55qjtmnEML1gpnA,"Over And Over","The Warning","Hot Chip",2006-05-22,347880,55,false,,2025-09-22T17:44:20Z,"alternative dance,new rave,indie dance,indie elektronisch","Domino Recording Co",0.774,0.794,5,-4.446,0,0.0358,0.00824,0.00317,0.08,0.724,120.002,4
spotify:track:12ZTpSvqoRhlZh6GZZEvuR,"Doses & Mimosas","MoM & DaD","Cherub",2013-10-11,323480,54,true,,2025-09-22T17:44:20Z,"","Columbia",0.767,0.65,5,-7.379,1,0.106,0.139,0.000102,0.0356,0.38,114.507,4
spotify:track:3kTVKRzfYb7zqz56thbKrj,"Entertainment","Bankrupt!","Phoenix",2013-04-23,219973,54,false,,2025-09-22T17:44:20Z,"indie","Glassnote - VMG",0.402,0.72,8,-4.698,1,0.0493,0.00133,0.043,0.325,0.499,75.396,4
spotify:track:5mCprFWOqe0jB96v9RhLBo,"Tongues","How Do You Feel Now?","Joywave;KOPPS",2015-04-14,234773,54,false,,2025-09-22T17:44:20Z,"","Cultco Music",0.827,0.682,6,-7.111,0,0.0435,0.00048,0.0187,0.101,0.933,117.967,4
